insert into chalker_dev.gametypes (gameName, gameDescription, gameRules, createdAt, updatedAt, GameTypeId)
values  ('Burma', null, null, '2021-03-05 21:57:09', '2021-03-05 21:57:11', null);

insert into chalker_dev.games (gameId, createdAt, updatedAt, GameTypeId)
values  ('9zhs8fcklw7r36d', '2021-03-05 11:27:29', '2021-03-05 11:27:29', 1);


insert into chalker_dev.users (id, username, email, password, createdAt, updatedAt)
values  (1, 'fancyfingers', '1@example.com', '123', '2021-03-05 22:04:58', '2021-03-05 22:05:02'),
        (2, 'angry horse', '2@example.com', '123', '2021-03-05 22:05:17', '2021-03-05 22:05:20'),
        (3, 'seamie', '3@example.com', '123', '2021-03-05 22:41:57', '2021-03-05 22:41:59'),
        (4, 'damo', '4@example.com', '123', '2021-03-05 22:42:13', '2021-03-05 22:42:16'),
        (5, 'dylon', '5@example.com', '123', '2021-03-05 22:42:37', '2021-03-05 22:42:39'),
        (6, 'ohagantheprick', '6@example.com', '123', '2021-03-05 22:42:54', '2021-03-05 22:42:56'),
        (7, 'adam', '7@example.com', '123', '2021-03-05 22:43:07', '2021-03-05 22:43:10'),
        (8, 'amoney', '8@example.com', '123', '2021-03-05 22:43:20', '2021-03-05 22:43:23');

insert into chalker_dev.gameplayers (id, playerOrder, currentScore, userId, createdAt, updatedAt, GameId)
values  (1, 1, 40.00, 1, '2021-03-05 22:05:55', '2021-03-05 22:05:58', 1),
        (2, 2, 40.00, 2, '2021-03-05 22:06:07', '2021-03-05 22:06:10', 1),
        (3, 8, 40.00, 3, '2021-03-05 22:43:56', '2021-03-05 22:43:53', 1),
        (4, 6, 40.00, 4, '2021-03-05 22:44:05', '2021-03-05 22:44:07', 1),
        (5, 7, 40.00, 5, '2021-03-05 22:44:15', '2021-03-05 22:44:17', 1),
        (6, 4, 40.00, 6, '2021-03-05 22:44:24', '2021-03-05 22:44:26', 1),
        (7, 5, 40.00, 7, '2021-03-05 22:44:34', '2021-03-05 22:44:37', 1),
        (8, 3, 40.00, 8, '2021-03-05 22:44:44', '2021-03-05 22:44:46', 1);

insert into chalker_dev.legs (id, legNumber, darts, legScore, createdAt, updatedAt, GameId, UserId)
values  (1, 1, '{1:{{13: 13}}, 2:{{D13,26}}, 3:{{D13,26}}}', 65.00, '2021-03-06 10:52:40', '2021-03-06 10:52:42', 1, 1),
        (2, 1, '{1:{{13: 13}}, 2:{{D13,26}}, 3:{{D13,26}}}', 65.00, '2021-03-06 10:53:16', '2021-03-06 10:53:20', 1, 2),
        (3, 1, '{1:{{13: 13}}, 2:{{D13,26}}, 3:{{D13,26}}}', 65.00, '2021-03-06 10:54:10', '2021-03-06 10:54:16', 1, 6),
        (4, 1, '{1:{{13: 13}}, 2:{{D13,26}}, 3:{{D13,26}}}', 65.00, '2021-03-06 10:54:11', '2021-03-06 10:54:17', 1, 8),
        (5, 1, '{1:{{13: 13}}, 2:{{D13,26}}, 3:{{D13,26}}}', 65.00, '2021-03-06 10:54:12', '2021-03-06 10:54:18', 1, 7),
        (6, 1, '{1:{{13: 13}}, 2:{{D13,26}}, 3:{{D13,26}}}', 65.00, '2021-03-06 10:54:13', '2021-03-06 10:54:19', 1, 4),
        (7, 1, '{1:{{13: 13}}, 2:{{D13,26}}, 3:{{D13,26}}}', 65.00, '2021-03-06 10:54:14', '2021-03-06 10:54:20', 1, 5),
        (8, 1, '{1:{{13: 13}}, 2:{{D13,26}}, 3:{{D13,26}}}', 65.00, '2021-03-06 10:54:15', '2021-03-06 10:54:21', 1, 3);